date,market,session,three_digit,two_digit_top,two_digit_bottom,source,verified
2026-09-25,A,AM,758,58,59,raakaadee,UNVERIFIED
2026-09-24,A,AM,115,15,20,raakaadee,UNVERIFIED
2026-09-18,A,AM,069,69,44,raakaadee,UNVERIFIED
2026-09-17,A,AM,976,76,76,raakaadee,UNVERIFIED
2026-09-16,A,AM,682,82,28,raakaadee,UNVERIFIED
2026-09-15,A,AM,520,20,21,raakaadee,UNVERIFIED
2026-09-11,A,AM,935,35,60,raakaadee,UNVERIFIED
2026-09-10,A,AM,800,00,78,raakaadee,UNVERIFIED
2026-09-09,A,AM,769,69,36,raakaadee,UNVERIFIED
2026-09-04,A,AM,226,26,78,raakaadee,UNVERIFIED
2026-09-25,A,PM,843,43,44,raakaadee,UNVERIFIED
2026-09-24,A,PM,270,70,75,raakaadee,UNVERIFIED
2026-09-18,A,PM,258,58,33,raakaadee,UNVERIFIED
2026-09-17,A,PM,965,65,65,raakaadee,UNVERIFIED
2026-09-16,A,PM,014,14,04,raakaadee,UNVERIFIED
2026-09-15,A,PM,184,84,85,raakaadee,UNVERIFIED
2026-09-11,A,PM,642,42,53,raakaadee,UNVERIFIED
2026-09-10,A,PM,881,81,97,raakaadee,UNVERIFIED
2026-09-03,A,PM,948,48,16,raakaadee,UNVERIFIED
2026-09-02,A,PM,309,09,25,raakaadee,UNVERIFIED
2026-09-25,B,AM,358,58,00,huaysad,VERIFIED
2026-09-24,B,AM,534,34,36,huaysad,VERIFIED
2026-09-23,B,AM,404,04,40,huaysad,VERIFIED
2026-09-22,B,AM,345,45,42,huaysad,VERIFIED
2026-09-21,B,AM,322,22,07,huaysad,VERIFIED
2026-09-18,B,AM,036,36,02,huaysad,VERIFIED
2026-09-17,B,AM,166,66,93,huaysad,VERIFIED
2026-09-16,B,AM,169,69,03,huaysad,VERIFIED
2026-09-15,B,AM,050,50,57,huaysad,VERIFIED
2026-09-14,B,AM,317,17,35,huaysad,VERIFIED
2026-09-25,B,PM,163,,05,lotto2news,UNVERIFIED
2026-09-24,B,PM,658,,12,lotto2news,UNVERIFIED
2026-09-23,B,PM,170,,26,lotto2news,UNVERIFIED
2026-09-22,B,PM,044,,41,lotto2news,UNVERIFIED
2026-09-21,B,PM,803,,88,lotto2news,UNVERIFIED
2026-09-18,B,PM,615,,81,lotto2news,UNVERIFIED
2026-09-17,B,PM,734,,61,lotto2news,UNVERIFIED
2026-09-16,B,PM,673,,93,lotto2news,UNVERIFIED
2026-09-15,B,PM,666,,41,lotto2news,UNVERIFIED
2026-09-14,B,PM,707,,45,lotto2news,UNVERIFIED
2026-09-25,C,AM,319,,94,lotto2news,UNVERIFIED
2026-09-24,C,AM,475,,37,lotto2news,UNVERIFIED
2026-09-23,C,AM,604,,71,lotto2news,UNVERIFIED
2026-09-22,C,AM,175,,04,lotto2news,UNVERIFIED
2026-09-21,C,AM,158,,80,lotto2news,UNVERIFIED
2026-09-18,C,AM,884,,55,lotto2news,UNVERIFIED
2026-09-17,C,AM,346,,32,lotto2news,UNVERIFIED
2026-09-16,C,AM,735,,11,lotto2news,UNVERIFIED
2026-09-15,C,AM,945,,15,lotto2news,UNVERIFIED
2026-09-14,C,AM,311,,48,lotto2news,UNVERIFIED
2026-09-25,C,PM,009,,04,punlekded,UNVERIFIED
2026-09-24,C,PM,113,,99,punlekded,UNVERIFIED
2026-09-23,C,PM,412,,63,punlekded,UNVERIFIED
2026-09-22,C,PM,775,,04,punlekded,UNVERIFIED
2026-09-21,C,PM,271,,93,punlekded,UNVERIFIED
2026-09-18,C,PM,078,,49,punlekded,UNVERIFIED
2026-09-17,C,PM,429,,49,punlekded,UNVERIFIED
2026-09-16,C,PM,378,,54,punlekded,UNVERIFIED
2026-09-15,C,PM,724,,36,punlekded,UNVERIFIED
2026-09-14,C,PM,760,,97,punlekded,UNVERIFIED
